random_integer,random_string
77401,jOtbmulpWiRLTkoXxZVa
82940,TGXWydLHkHYtgPFGshCN
70618,SOuxICajEJmziIlswkDM
89187,vzAXGGZcjcJUODHcYZTk
29279,lDyslHSaGzIJdTeUWxUB
18122,WmLCuaukXClTFudQbDQs
24982,LWUcPeKdqOystWcqplab
32106,ApLnewXhnyhvYZfKEscp
50148,CvqVGrjymYvBilbBekDD
59102,EyQISORqCFFmlLMNGwyf
99280,QyiAAkBscdKkGFZBtiIV
33767,bUFniQMzofQMamvgSECb
31946,kWOrgdjZSOKlAuQyiHPp
48276,GuByheuPGJRSOqpBBSFl
24837,rDKFaAIcdSpqNCfUTdDP
53210,VyAuRDwEOfbbfmtUjxpb
42211,dVbdzoHXFTVhgaqWAcnW
88483,FrSXmuAbrSZzMhNMeTDs
74827,DswJbNddBNNXmWYDqLUe
53607,CUfyfvvKYNawkFtEHddH
